PetID,AdoptionSpeed
285758945,1
28ce3c3ea,1
c7bb75711,2
5b3559bf2,4
109823680,3
95a89f5f2,4
f90f6ca1a,1
03188ecad,4
ea7ec0562,3
d1531602c,3
08d17d82a,3
23df34fbc,3
d2b949618,2
ebb34fea1,4
eddd81378,2
9df9b11b1,3
573900346,3
a34b7e199,2
8eb134074,3
9d8e820b0,2
e45ec98a4,4
ffd61a488,2
07e6b5eae,1
146b9d6e7,4
9be11ef9b,1
b70ec3788,2
d0b61aedc,4
50abab539,4
0fc52b599,4
02d66a1be,4
c0e61e2f0,0
9c43d4567,4
169e5aef1,3
eec3cbd6e,4
36e7f8d83,1
3be154287,4
71cdaadb1,1
776354931,4
29bf0cb2c,2
08f8df31d,0
ebff4722c,2
8939a1ac8,2
9b56301b6,2
0b04b1c7a,1
1539be087,3
3666cdd80,3
dbba10f87,4
1fab6916e,4
457bdfb16,2
8de1c1ca1,1
5ab4df736,4
bbd0c8f36,3
67839e63d,2
7e9308e0e,1
5aeba94a3,4
66b978701,3
43b5d3f4d,1
f45457bdc,4
ce2319154,3
bb2e480f4,4
2b1477c3c,2
1171c9a41,4
ff50c6171,2
adff46aad,3
18734d13e,2
9a64e72cf,1
f1d86e6ea,4
e246ecfdc,1
275df2552,2
2962fc103,3
4529e91da,1
7aa682539,2
515d9508a,3
43ae30dd8,2
45217971b,1
f47fc05a6,4
6f77b4edf,1
7d2e1dd01,2
9f533475e,1
a92258c0e,3
aaf465c30,3
e6292a7b6,4
2ebb5aa64,4
5a0d25864,1
c362cc3cd,1
f93ea9f9f,2
d41649df9,1
d4dd82200,4
e89b02af3,2
d9dcad5b4,1
b08e63db8,3
a16c6d55d,3
fa39dd076,3
6cbbe5cd9,4
8a6ba0a40,2
cb423070b,2
6f94c942b,2
69f9ebfbc,2
d31e4c6c8,4
ea1318971,4
91d6a2898,2
9eb6e75e2,3
2cb9d0599,3
015da0878,1
89ba257e1,2
a7cd5b749,1
77322d6cb,1
1bf4a2ca7,3
696e2d638,1
f124ecf25,4
6333963fe,3
4bdbeb107,4
48c5a3c40,3
681eb7101,1
4b9f45715,3
1b87c512e,4
9daaa4e8f,2
f2fba72d2,4
f3aada535,3
d57b8c2fe,2
7f1bb8d32,2
f410b0841,3
28c3c4264,3
5043a32cb,3
015770429,1
6dd12152a,0
a0fb6cd44,3
195c119c9,4
628f11673,1
51372ce91,4
898476994,4
a819792f7,3
1ce555db8,1
f5d79ff56,4
d302ad015,2
ecc64a258,4
66d4911f9,4
65650b974,3
802b1f331,4
60bf93971,3
b75594e30,3
38f6d8ab9,4
6e1ba1796,3
400cbe759,1
46b603304,3
02612ab95,2
daa7f33d4,1
91add3784,3
a6bc8d1a6,1
056768390,3
9999b8c82,2
1250404cf,3
b49312951,0
9718baba0,3
765da0e39,2
3517189ab,1
45c0c9a1f,1
664d0bed8,2
96e1f20e7,3
7ff979d3a,4
ed5631a9c,2
618bb4def,4
f16407c21,4
57ac7373a,2
cfebb0955,3
d5ba03e9a,3
bd3fb8531,3
358270782,3
cfc3e65de,1
c659e8a32,3
a5a4c2890,3
3ee76f8a2,2
f94d8a2ba,2
6d154eccb,1
5c94ecc07,2
af76ac5bf,4
cd7ee75c5,1
6c7efd1a5,2
53759835a,1
29f2fd4c6,4
b906d9b78,1
69a1b02f6,0
dff412d60,4
bb4e0ddb3,1
58c5f739c,1
36ddc4f2d,3
01e6a888d,4
897e065bd,3
737413132,4
b2b9c5176,4
b28de653f,4
3d277ebe6,4
d56674978,4
cbeb9fc1d,0
ceee65059,3
42d94df4c,1
e570d64ac,2
93329ec1a,2
b7359384d,3
34fe22f69,2
ca587cb42,0
f891608d9,4
75bd3a017,3
453750088,2
3eaa698d3,4
718a5d950,2
f1f0972e3,1
319e533b6,4
d2117fd10,1
b48460ef7,3
9e058e06f,3
37204e0c1,2
3e768f382,2
70b3d1f9c,2
79d1b0215,3
133234595,4
6c4d7b09f,2
0fa39858f,4
4247730f1,4
49aaa4f94,2
b35e6306c,4
2cf6b6627,1
d67619580,4
703105908,1
7ec261d88,4
f2697fe84,4
6c9e1c82f,3
8d3b5e6e9,1
2ea365a6f,4
1c60a65e8,3
c228bf013,3
bca4defa4,1
ca2c00404,2
79b3d41e2,1
906ee1877,3
eb3b2ad1f,3
b97efdcee,3
17ac391be,3
2e5e35de8,2
6d5fc90f3,3
68a603bc3,0
e2204552c,4
38cf8b2f5,2
74363ff2b,2
15adc8d48,4
3de1de812,3
4b932ab38,4
93bffe78b,4
8913e5b27,3
ab17ce306,2
82b43d9cd,4
1cfc647dc,1
2a6d369bb,4
99be827e6,1
6d6390b1f,3
32ad56035,4
cc25fb529,4
23463f8a8,2
788e8757d,4
25b827551,1
07ee44cb8,2
73d7bb2ce,1
32918fcdf,4
8ca49ce85,4
064425a21,2
d5e351a09,3
f0982978a,1
7986a1870,4
a080c1037,4
e11e6cf89,4
9eb042155,1
03db2966b,4
390f4fae4,1
25765058c,4
23874f644,4
cd8af1bda,3
1cdf69df6,1
5606b4630,4
f7b84bc3b,4
f4a508263,3
8b396d0f4,0
11f773e2f,1
d0b74ed53,3
3ce0f0aa5,1
aca81d4a7,2
04e829d49,4
35fdb89c9,2
63051e3ca,2
5c7136c2e,4
ff065ec7b,1
fde58f7fa,1
9dfee7db3,4
61f22ed16,3
be3508ce5,3
8bd033254,4
4bff9728d,4
05d3e4d55,1
6c17339fe,4
dd074b8ba,2
fd3c1a3bb,1
8afcd7b7e,4
3b0ae25f0,2
0ce866a04,4
41be30895,3
3a3dc1dab,2
262c36889,1
161718095,3
f031aaaef,2
7650ed0f0,3
e3b6b7d2e,2
9586639e9,2
a81084ff0,4
a662626a6,1
5f72e457d,4
67e77a11c,4
e25d4dcb1,2
7a9ca7419,2
d2d48985e,3
bb567f5cd,4
073f265c3,2
f7675eb96,3
f21f48009,1
b24b7d23e,3
8f85e69ee,4
99859bab7,2
459729cda,1
15600cfea,3
000fb9572,3
4bdc7be69,1
7cd55a3dc,1
bd1eaf778,3
7977491da,1
f90722a00,2
662af5b80,2
96a1bce27,2
da8c280f1,3
96792a909,1
eb4dde79e,4
cbf6b6e42,1
4b0662306,4
2cba60aeb,0
b17f7a1fc,4
b76a6d7fa,4
adfa73768,4
df8425410,1
f75724b44,4
5017052e7,3
8ea9f1228,3
156da1714,1
b05d0484f,3
42af80bc3,1
54314d17b,4
c1ecd33ac,1
eb77ec282,2
2352b7f0e,3
9f1ba804c,4
162e06c01,4
9a32cab94,4
7b6629627,4
7494b6aa9,3
8fb06a963,4
113920513,1
d55faa0ff,2
f0ef9c777,4
3a4d22688,1
fc2012c7e,1
9e0b14cf6,3
fa8cdf62e,2
b78b30c18,3
b0be76af8,2
1b6d1b049,4
d4bffbe04,1
acc81bdf5,2
672e80119,3
caf786c94,3
385028a00,3
53cd96ef8,2
0173c456c,1
2c281057a,3
72418da1c,4
de9e02d44,2
b5475edf9,2
8bda483ec,2
8d0f353e2,0
a5205f8ab,3
f5c803412,3
6c14f7807,1
a2317e5b0,3
3e5627478,4
9d72113d5,2
9d87fbd92,2
9cd7bfaa6,4
3604fc814,3
cdcd32165,1
79a352e54,4
fe056693f,3
fcae5bea5,4
8170c6b01,0
9ba7b7b9c,3
cf6000a98,3
b7f3d97f9,0
b6a16ab86,4
efa71e34a,3
b5c0db93a,4
482d05dc8,3
a1d05e431,3
eddccf6ff,4
6a763a055,2
64a40211a,2
106128c56,4
15a206d0d,2
9ce27322b,1
8040ff400,3
9614a6b17,2
1dc24448c,1
488bfc285,0
5489e2b50,4
810b069f2,4
7b4ff27b3,2
7c9e28902,3
19af88854,3
c458c51c0,2
41a6a7467,2
654acdb4b,2
a54202bba,1
647fe8d68,4
a88733fd1,4
5ee34f0d2,4
ada57411b,2
3595648ea,3
bdb89b424,1
c4dc1e8fe,4
5b7ead040,2
94dc821ee,4
08428917f,1
a19707195,0
ea9d13261,2
b1f1a42bf,4
7630f3d6c,3
27456ec0f,3
c0ab24656,4
df09bd082,3
08267e916,4
500fdf3b1,2
40713e16a,2
9b2d6b1f3,1
39ba962ef,3
ab0609017,2
591909a93,3
f5fd255aa,3
e8e054802,1
5a289a426,3
6326958d4,4
9cda44cdf,3
0e4cf50f4,4
4a4fb4974,3
658e4415a,3
07914c759,4
a8df693c0,1
b1f5f19fa,0
ca35f4b19,1
edf80e3cc,2
89fd79488,3
b5b9c3c05,0
da8cfd914,2
d72bc7206,3
c042fa2d5,2
310045474,3
86c35033b,2
8c9d9842b,2
bec49d8b7,0
ca40312db,3
eb5eb875a,2
10b46b83f,3
be36182ea,4
baa4b862f,2
ac1eab621,4
81a1cb1b2,3
b810732ac,1
6f0d943dc,4
3a93093cc,1
b1d936001,4
e9292cee2,3
80034deb8,1
7a87da606,1
78d60ffcf,3
457de178d,1
ebba4f83b,4
a01ad9084,3
6808adf0a,2
afefc6424,4
2a52daa7e,3
db27a0a42,4
8c7064ed1,1
35c0c3aca,3
751412a89,4
acfbc9b71,3
65dc47112,1
80cedf6b9,4
167fafe7b,1
77653ab79,1
1d1c1d51d,3
292447561,4
a575d70f3,2
f70571a3a,4
7e69c99bc,2
38fc09756,3
9aa5ab22f,2
7d967671a,2
80fcb8392,1
43cd2eb4e,1
ce344f70e,3
0f9fd5688,1
15a491e20,2
af9eac2be,2
0eaa9f888,2
fd2cc8576,3
53549acd2,4
e88f72461,3
6c196faec,3
06cd6c623,2
db044e38b,4
3d97fa45c,4
38a7b1842,1
1ff9cda01,3
c38afccab,2
63e2cb92e,2
5eaee2353,2
201d52dee,2
943611bd0,1
78fd8ce0d,4
62332ea2c,3
9daa740bb,3
09dd22091,4
767be5091,1
9d2fb911c,4
e5d43f373,2
a46794d88,4
ebc749f21,3
6408ec0f7,4
58477a7c6,0
3968d52d9,1
93dc36260,1
6e642352c,3
dc3066d92,4
752c4af59,3
50262523c,4
c60e6aff7,1
f26e3e182,4
df03e957d,3
c4277da90,1
9f341e7af,1
130797334,2
bcdaf8640,3
dd015cd22,2
189637f90,4
8a17130c3,4
07bd5a7a9,1
8969b314b,2
8f72b332c,2
4695c4fb3,4
6e3d78857,2
596d784b2,4
c1aa4142d,4
9e1caf559,0
86219b4fe,3
672e9e752,3
df2051351,4
bab19cc57,3
e79f310db,4
2f7563006,2
df3756483,4
62887c0ea,4
3dae967f1,4
21a1b528f,1
35203bd2a,3
9699a3d34,2
23b3f793e,3
09898b12e,2
591fa7c31,4
b5033c917,4
ba16888d7,1
67d786538,4
fd2d48292,4
180b3f500,3
cb295209a,1
bbc6d3812,1
f394d4aad,4
bc0b9984a,4
e877b448c,4
cbef8d00b,4
a5f576bb1,1
31144a6be,2
d805a1c90,1
6e5f03ddf,4
7c1a39de5,1
1c9a2baf6,2
53964c5d0,4
e7b3f752a,1
2f4c6ada3,1
11cc5a797,1
3304185a1,3
a19eea86b,3
c32f8daca,1
c70ffd9c5,3
d9c6517ae,3
9976d9007,1
67967b0b0,3
ea055de86,1
240ddd506,1
6b240dd0b,4
e4253889f,3
854b2bc3b,2
3af14a63c,4
63ddd39f4,4
5bb7dbfc2,2
581ce1910,1
718b14a08,1
88f3a5fd6,4
fbb8a0267,3
5b4caee59,3
c45a57747,4
fc601e041,4
079785984,1
9da5c9d23,1
ae886e80d,2
e18d31575,4
ab293b191,4
25bdd7d90,3
348591b3f,2
2910b5c7e,1
bddd63050,1
3a14fbb8e,3
e4e5ea1d2,2
20336bf88,1
e15353d1b,4
0edb4e3b2,1
c2aeb6a1f,4
c220fd5cc,4
373b98352,4
d73e917de,4
838934661,3
96d7ed5de,3
1bcec6d18,1
a1cb8764d,1
39afc4a19,3
1fd056050,4
48cd2ebaa,3
c6d91de2b,4
a63f6c6a1,4
c90558513,2
840bad15b,3
90caf70eb,1
706d1c836,3
9aa9d63f8,3
263e34731,2
f0133d72c,2
605eca728,3
2f6cde44b,3
28c34e5dc,3
276f26435,3
104d9b198,1
ef8d291b0,3
3983e7c06,1
8f31c806f,2
c37774c72,3
9af8f154b,2
f294123c1,0
89f389a59,1
18556365a,1
39a66e7cb,1
e1d1b893a,1
702bee848,3
73d6ab7d7,1
1d9604897,2
4ef15a1c6,3
2c401c793,3
fd23f6a15,2
8a6f0c997,2
382dd71c1,3
86d20d7e4,1
45858d482,3
938bcf142,4
da962d158,0
33a8b9601,3
6c594bfb0,3
6f2ddae0d,0
338d441f4,2
84d1eb4ab,3
bb675d874,2
c0f651276,1
c5ff5915a,2
eb64e3d68,1
a99e4b365,1
c71d630d8,3
7fc31b6bd,1
a9c968c38,3
a20880c1d,3
92fa4a896,4
2082ad764,1
5dca19c12,4
24361123a,2
0c64a0f1b,3
bb9ef04d1,3
b2676e6b1,3
792b0924e,3
bb16182f7,4
afab70239,4
4c4ba8c4e,3
dffb9869f,2
64f563069,4
868904c66,4
b5aa169b4,4
29d36f5b3,1
166092e21,2
f27915d51,2
78c3c7f21,2
47fd4a840,3
39f1d116e,1
611045510,3
f7999c9bf,3
b0f2a1939,0
04391c798,4
b34dce3d6,3
8c36b62a9,3
8f47e7ad3,0
cf3bce1cc,4
732b578ff,1
3ff4a6c99,2
9d9197e7e,4
a2a899dab,0
8bb1c8a6f,4
3d0752cd9,2
dfc3301fb,0
aca422e60,3
c8c55eb19,3
d574448ee,4
90e1edc71,3
419d296e7,4
8c93a6e28,2
39444f259,1
b9cb2f0fd,4
5eee1e783,4
9278f7216,2
d8e2f840e,3
3ebb0dd45,1
8a4e70a21,1
148f526cb,3
38f06e4fe,2
9702a20bb,4
045543730,3
3313aa06f,3
8abb96298,3
26e02fdeb,3
82f899eaf,2
979bab13e,2
df706fd55,2
9ef3d0eec,4
bc2fdee71,1
fdb03c163,1
076d6f830,1
b7e584546,1
ea087d248,2
da4a5403d,3
3c43b7541,4
ba7ae0448,1
97bb6502c,1
d3ebee32b,4
1c2dfa92d,4
f0057428e,1
b48d47214,4
a1ba2f016,2
7ecd54695,4
bc9c5a76d,1
9e5ba0e42,2
09bc86c05,3
537b5f09b,2
2db00a064,3
dbe30d86f,3
b551658f4,3
92b5de07f,3
a5f82d04e,3
880d3c594,3
cf2ae9919,2
933e0a3e8,3
845703071,3
ec7ebdb47,1
16abc088f,2
72f6dbb1d,4
f158bcd9e,3
ecafbb542,2
7bfe2d68f,1
d19f035bc,2
6471c7195,2
5bfb8da14,0
dfaf47c11,0
deb7136ba,2
b56b73e4c,4
41487b069,1
21c8d5f0e,4
e8f7d9542,2
6a48f776b,1
302d37427,1
bef935312,3
169fc07e1,2
ae5f13659,4
620ebd7ab,1
eff316e87,4
6975353f1,3
7276be56b,4
5ca64db1a,4
28c005011,1
4d09e065d,4
7fe0a86f8,4
b3a19b9dd,3
9000f2766,4
567b92b70,2
eb3d2466f,3
de67abe0b,3
351eefe3e,3
d605cb217,3
62da2d031,4
95855babf,2
a2e22831f,3
6d87736bc,1
6ebcc7756,2
6ef7f0012,0
b23e29c89,4
8016d3648,4
41bbdb352,1
4645fcfae,4
abf0f2579,4
f8b827be1,1
3b8b38508,4
4e12936b0,2
102c931d8,1
74e18bd5e,2
a9085cdde,4
a8c555240,3
a5767a3da,3
c6df796ba,1
e6ff21b7e,3
baf543aa6,1
4bb09fefb,3
fed3c719a,4
e08649ba2,4
fcdf8c8ff,1
9a609ef71,2
603dbe569,3
470e49e41,1
bac8c1a73,4
603fa62e1,2
09f514bd9,1
7e48ad81b,4
241dd214b,2
ccbd1f9fc,4
3ee594f5a,1
43b99bc40,1
1e83794bd,4
f026fa4b5,4
8c10b6035,1
8420d063a,3
4c631dbf7,2
4733d5e7a,4
fb9474822,2
1099a5406,3
50723f2c3,3
b3b6d78f5,1
2562fec96,4
dd5d07137,3
d9c54752f,3
4fac67d06,1
7d8ffca23,4
a4ade8bb2,1
1cea0ad08,4
b024a4ef4,4
f95680d84,4
9b9cadd98,3
62dc0532f,4
2c8e65887,2
9c8459c74,3
c3cef1c4b,2
d2c9dd7d1,2
3e4f81782,2
95af6f72b,1
32cda3189,4
45408f88d,2
96a0b8d03,1
6c3b8c99c,3
e5164d828,3
eb4eef57a,4
1448e3b1a,3
a34cf041b,3
b12e22341,4
9427b3749,1
ab4b4681b,4
68e6d1bd7,1
059a68bf0,3
59d95faef,4
40309f25c,2
699a81c51,0
229beedff,3
e4460cb03,3
f28c8090d,1
4302e8f50,1
b5f105607,3
708d4eb55,2
e388a963d,4
44c2e1fd1,2
15d4c0bad,3
92d711b01,2
83502a253,4
9684a1603,2
b1d1e399c,3
1499fbe78,0
267841852,1
fa73b1181,3
cab92d5a3,4
f0ebfa37d,4
71a614388,3
456c7a365,2
e6c917eb2,3
040b028f1,3
ea6129e3d,3
dda9d6e6a,4
ed30f663e,1
b15d56540,1
1bea097f1,2
33f056cc7,3
2c1340a91,1
7023f6b45,3
124eeac80,2
ea303d329,2
7b36167be,1
51c99e8fb,3
81d97fa9f,3
32f97388e,3
e932a94c6,4
bd881326e,4
1d1f2ed1b,4
c8be7beff,2
8ac51d5ce,1
59e59bd5a,3
1f858046c,4
d229effbf,2
3c7dd9982,2
ee15edbb0,3
c27f27a68,2
8435e081c,1
30dbb2e50,4
5dace0494,1
79ef1fd27,4
67e8df1d3,0
06dd351e6,4
ddf06fabf,3
ca902248f,2
e27ac6865,2
2027f2dfd,1
88af83705,1
c1c16ac86,3
95e92b082,3
120ae4dd3,2
7a7153881,3
86c131c22,3
3397adec3,4
c68815d52,3
355cc5db7,4
1894ab073,2
1b4224c51,1
ef8782012,2
b73cc0f45,4
2a5e70892,4
a31b05e99,2
4501c8125,3
ed1f38a40,3
0602a34f3,1
383e5b82e,4
e2101b7d1,2
70fb603fd,3
0f796d3f9,1
49e00fc7f,1
4ad400ba0,4
b64307878,2
295dac1ce,1
e754315db,4
51020fbd4,4
d1be4f433,2
d2fae31e8,4
9e5672e85,3
6bed4e9d5,1
b47ab81c9,3
68e46ed0e,2
41ee53918,4
a44b2389a,4
4e37bb1e2,4
e2aa20dbd,4
007bc1db4,3
534104c8e,3
039509c40,2
f0b2787f5,2
e7e23bfbf,3
33826a08a,1
1ada8871e,3
1b9b55f0b,2
755f10f8a,4
3f675b345,2
f05838eb7,4
5d5942493,1
f980544af,2
571ce0202,2
fc710f1e8,0
af3d7c201,3
0605aab21,1
c9151664a,4
3f2a40f0a,3
da840f8d4,3
14f3fbc84,1
b7c0b9180,3
9ccf125f1,3
1104fe6bb,1
196d58932,3
eac15ca35,3
eff4a47b5,2
d1962ab4f,1
aa7395687,2
e6b64b212,3
3c1cc2c24,4
a5a71bc27,4
4a8dc3644,4
f6725c11b,2
d3b4f29f8,2
5dbb2fd0b,4
a04a67a2e,4
a854aca45,4
245d6e033,1
64ca585d9,3
dcefbb974,1
d181cbafa,1
fcdf10cb0,3
5f5d44f43,4
6b42c0d29,4
0bf83cc3e,1
ff127e4d3,1
6a5ba2ea7,1
c4835ee5c,1
34cedf9bb,0
c18106b39,3
70112a1b9,3
4c1f97540,1
dee525fcd,3
8af1b11ce,3
fa18941f4,0
356d9395d,3
f6e56c908,4
b40ce1b96,3
3e242ed8c,2
594e3dc3f,4
21b5e3d22,3
473caf456,4
6a546bfb7,4
799aad68b,1
9d137bf2e,3
00be0a63e,1
15cc01168,3
4f45bb293,2
10836809d,1
b73a7ca90,4
4370b5ff7,2
e8f6ede8c,4
dd5275a60,1
63afbf2f2,4
28c4588e5,4
be340bbe7,3
b114199dd,2
bef49a74b,2
0c2e0fc7d,3
86d42fe3f,4
b672b7465,3
d4b028ea8,2
85d242c14,2
eabb13cea,1
e95bb9197,4
4a91d273b,4
1045bb4c4,3
810ff9d37,1
4d101a0c3,1
f8a2993e7,1
e1e58cd50,3
aa1cf9c0c,1
27b7a406b,3
c80811400,1
acf9a72ca,2
1925aff9d,4
973278f56,2
4b4f32911,3
541904323,4
3fc2f9495,3
bc5dade47,3
310b5199f,2
48fd10660,1
f824e33a8,3
2b3ec0f96,2
213cf987d,1
fa773690e,2
6fd65f90a,1
8aaa67ff2,2
4ea111bbe,2
a8a8f95f6,2
b13247816,4
11b3fd45f,3
bda2d149e,4
e1f0c1add,4
a05e81f9f,3
1a2816f0f,3
b47536db5,1
f88144b9f,3
e8be13bdf,3
07e427e0c,3
f9a3f579a,3
147e587da,3
99f5b19b5,4
1ce681aa7,3
79318b69e,3
d181ce519,3
30610dfe8,3
ec2bb7160,1
762a1ef1a,2
a2cf852c0,3
7ee6fe581,3
f4e2b49f5,3
2e392586a,4
85f71876c,2
7314cb848,3
379d5e10d,4
aaf7d5da8,4
36ed4f417,4
9fd2b640f,3
e24a30aaa,3
2c23cf72e,3
e72120027,3
5876df456,1
e46373e2e,4
76c276834,4
4d4c7be64,2
9b2aaf395,2
497312a16,3
ad70b1120,3
9ee623346,1
b446053b6,3
e315452b5,3
27b5a9db5,1
9e3239219,1
024bc29f1,2
bc1b742f4,4
14831f659,4
3c155e05c,3
c05b74b05,4
36f1c9d61,2
bbff353ce,3
7f7e9db52,4
00c71a320,1
fceb751c7,4
ab10e0e8c,2
2b980afbc,1
9f2251ffe,2
6b94af372,3
36ab1bdc9,1
a90da3a12,4
f13ba84ac,3
11c222a3c,3
01c3c09df,2
1baea0d16,1
4b45ae85f,2
6aff78ff8,4
ddc94666d,3
b3c2305b0,1
1f7bf1b32,4
22051ab84,2
79ace4e40,4
04c4a7493,2
1bc0f89d8,4
ec4089e58,4
a0fd5da22,3
2d7a45689,2
06ecc204f,1
34fd2f89a,1
c9439e71b,3
f9df8656a,2
040a9a6f9,1
9b721dcaf,3
0defc5386,1
fe22cc3da,4
3e2cc2690,2
b48aa9d4a,3
a62fcea51,4
54c2d49bb,2
355e3bdc5,2
146aa46b3,4
c7d02bfca,4
6ea58b8ac,4
2af9db4dc,3
5174e0542,4
4a5a02164,4
91697ee90,1
301a245e6,2
2f3677597,4
9ff766a26,2
2d880df4f,4
77c076881,2
20854e428,2
be2119ed0,2
ce6afb606,2
dc2354851,2
eb7804aa7,4
9397426ea,2
1b71de34e,3
6cbc126fc,2
ca81b2566,3
f7473aaec,3
f6d2c9972,2
ff78347b7,4
b6f1e40a5,3
36010cec4,1
2f50d46b2,1
9aa2d99f5,1
4f402845d,2
ddb881657,1
b7351540f,1
1086c8df9,2
7b1c82382,3
397be6b99,3
e68926f8d,2
107c49414,1
4747bead4,1
25d4c7493,1
b70d0abec,4
f31cebfd0,2
edd61c330,4
89dd8e9e9,3
df1d3b1ec,3
8b12f497f,3
8b0ea16a5,2
3f5804c61,4
e6821c448,3
52e6abd35,4
6d43edbe9,4
0b819602d,3
cb33000d9,3
9493ee8ee,3
74d40e344,4
802986a45,3
86d87d5f7,4
3cc9490b8,4
2f260b3da,3
7439df9c4,4
a0322013c,4
4a2270c3e,3
c96423707,3
77a6f71e8,1
3779a7d91,1
902087c95,4
d8128cefd,4
8b56fecb8,1
237551493,3
b4060a70e,3
89446d475,4
917ca93b3,4
0fe419dc3,3
e633386b0,3
360dcecb1,3
cc54b47b4,1
245434d5d,4
75a286d8a,2
b8acb4269,2
74cd0ff66,1
2e9ee4be9,0
2d8ec2cff,3
e96d122ed,3
85188cb67,4
848338a56,1
d768c4324,3
10e723583,3
6f3e5cbd8,1
c390140c3,4
27e649547,4
a640f7cf6,2
c120a6f75,3
89d7b4178,4
6ef02d7e9,1
8e4f0e111,3
6eee0e191,2
052c95a93,3
11543e9ce,3
363e8df66,4
9ebf6e448,3
d452218f1,3
1f0721fa8,1
72ae87d2b,1
50811e391,3
f0c26af32,4
f72ec09ba,2
b7135cf44,1
166947bb4,1
43c661026,3
26f026215,3
7374edef0,3
daed3d063,2
7942a5180,4
4bce78644,4
6f358dea9,4
13757a086,1
a5a7de784,4
c0d97f130,4
3d3006ccc,1
fd8bb16c6,3
a3e32d538,4
60a36cab1,4
f29afd123,3
34884c9fc,1
810ae61da,1
fb570c67a,2
473af1ce7,4
046256943,4
eba013abc,2
ea159d8da,4
675a05fed,2
24737dbd5,4
6e50b52c9,3
207c24fd3,3
eaab63bd7,0
418a25e6b,1
95e69fe79,2
7998c5869,1
ba7ade913,1
729042a8f,4
91389ff80,4
28cf4a84d,3
f54941314,3
7c82670f8,1
521320b95,2
56f7b3216,4
61338b2e9,3
daa05bb76,2
b4d54e67c,1
eb21c0250,2
bd56db16a,4
8f45b9967,1
8a302ccba,4
0cc3e27b5,4
a6fe8b174,1
ac8fa1b6c,3
38c5d4e0e,4
55f1edd7d,3
7196383a7,3
36f1dc3b9,2
9f3fe015b,3
81532c76f,2
3ca4780f5,0
7e43a342a,2
df091dc6b,1
08fc1372f,3
fe5d572be,3
c02ce1bc0,1
a4cec9f83,2
6d53b2d19,0
f385d9645,2
dc9557824,4
e298c61fc,4
8563bddec,4
a700a780b,2
8df0bb3b3,3
924373704,3
5bc5e3faa,1
51d815775,1
94fa9ff25,2
e0e604fc2,3
67d853896,2
9926c6e5b,3
6a72cfda7,1
38cd559f6,2
42137817c,4
8d876343e,4
83166fea8,3
d63d5fe8b,1
98673487c,3
a8249d599,3
91ef9278d,1
35dcf4794,1
d99ea593a,3
5893d408b,1
9b7f2424f,1
7a2cadc09,2
ef487165c,2
41a7d5bc2,2
6cb5381cb,3
c301eddcb,3
9e046289f,1
ab94dbe57,3
8de51ad1e,4
6914ade58,3
da7c5b19f,4
a27b7e4b1,2
e94581522,4
b46b4419a,4
eb6c579d5,2
d8a48180b,2
1d4d75d35,2
fd7ae9b79,2
f64813f9e,3
084b7e7eb,2
32efae9d5,2
39ef18e70,1
be917151a,4
f31090450,0
9a4bbdd8d,4
afc933f32,1
095cba2c7,3
b3ae374f7,3
bd2ad0f9d,1
72e24597c,1
bd763ab11,4
2b4c4793d,4
f57a5c0ea,3
ae518aff9,4
30c864619,4
2d572bc20,4
578b82f50,2
ccd20906b,4
40b1839ea,2
c547fc4f7,4
978526235,1
7b8a09f2d,0
7aae61018,4
a5b1713d3,3
f022849c2,3
52d65015d,1
3c5e8cc5d,4
81c442177,4
cc0f5d3ba,3
03f48e12b,1
2275c7ba3,3
9b2316d19,4
11b20ee8f,3
481cbcedb,4
0bcae32b7,4
b9f90bdfe,4
e454518b8,3
2ff35ef73,3
069064d1d,3
95708d284,1
2ad3a6503,1
60b188249,4
8ce0f64b4,4
4409a68b9,2
cd9de4e83,3
2f2301bac,2
1b6f92bc2,3
8c3d81083,1
b7e7211e7,1
eac9739c8,2
be21567c3,2
547c7bf41,3
8ad937f6c,3
3dd380ccb,3
fd6dd3835,1
15df9cd46,3
8ca443ef0,4
8e0d65b3e,2
edeab1cc8,2
a55f8d58a,1
407ef0ea0,2
2204729ca,2
c8d2ed523,3
6df28d790,1
44cd12263,3
58a4768a6,1
89d4cef63,1
b356b0f05,2
1ca147dd8,4
3122253f4,4
5a21eec6d,1
6668ff629,2
be9c5d746,3
59903171d,3
b16fae336,3
88cc4d5af,4
a36b60379,1
15f62e911,3
bb714a80a,4
b0a8a88a0,1
a72e084a4,3
396a2773f,2
564ad520f,2
881a77dfb,4
db0213107,3
3bb49d7d9,2
2398599fc,4
eca179f5f,4
35bbb3a85,0
69d413ff2,2
23941ded4,4
9fb0aedb7,4
095314294,1
8a04b2403,2
8ba1009c6,3
f91cc9f0d,3
e1cd176b5,4
432904c5d,4
a6d3839d8,3
d69a1f2a1,3
215345b52,4
c0898504e,4
505c5d7c6,4
ae219ff80,1
1d777bbcd,2
93b692cd7,3
69c1801cb,3
3f7ef9681,1
53895ad35,1
e5d3151bc,3
ee9e87618,4
0291e8ca0,3
e66ee4be8,3
de59f42db,2
373f757c7,3
4d98e5623,1
bf6a56d33,4
2d79d25fa,2
a39ad6dc7,3
38abad64b,3
514202b22,4
c03fe7452,3
7b974ca01,1
d5df34957,3
4dd89c859,4
427343625,2
32acc8a7a,2
6b0da38ae,1
07d2a9eff,4
a2cd0e1e4,4
c053ae854,3
3b6f9b47b,1
d5bf5adaa,4
9430042a3,4
a143b5edf,3
c3e1f5f86,2
1b1ddc50c,3
885b7eb9b,2
408d4d8e0,2
639fed947,1
6d1fdcbfc,2
9ab460730,3
2aaa0c8b6,4
c74126469,3
a90a72141,3
6e643eba1,3
16a71f0de,3
ebdf19959,4
deeea2b65,3
814740bc3,3
bd8f94a94,4
52782bca8,0
79b439763,1
d120df077,0
30eb1004f,3
2f51acf95,3
73a3a3b24,4
c0771fde0,1
56f62a309,4
feff505f1,3
cc9f9c4c1,3
91e8e97b1,1
1883fea05,3
97916de84,3
f995bc16c,1
060d1de98,4
e5155cda1,1
30dd541af,4
a84afa62b,4
7f094e80c,2
a645311ed,4
63697128e,4
144ad89a5,3
e4afff6dd,1
f93283e0c,4
5ff1a0cae,2
07558410c,2
c9feb3eb3,4
0907a14f3,3
004c2f355,3
b24ac527f,3
abea0e83e,4
a3727cc47,3
a90161422,3
523912c83,2
a3a0fa212,4
83b2fae5e,3
9385e1d2e,1
176e54ffd,1
4079020a6,2
fa0295935,2
debec416c,3
148686ce8,3
cb492add6,1
dc1b809db,3
c62a2a817,2
00eced1f0,3
4a5a05ef7,3
dd38f7a48,2
92caf1d01,4
ba6fee44e,4
640dbb3b6,4
9fd804400,3
2f18b4092,2
0cce7d218,1
32ac38a9f,4
a809464ca,4
7a59ae5ed,2
ae19ab91d,1
75758ad3f,2
27c0034f8,0
9bfddbc4c,1
269192694,3
9f88f23a4,3
652ad7684,3
7ee058c3d,3
fabc9bfec,1
48b418070,2
2e9e910d4,2
97450a196,2
db0875ffd,4
60ddc474c,3
a03330405,1
3760c73b1,3
5d3c9feba,2
a674a0bd7,1
ab4a00203,1
9c336beb7,2
34dd3cb69,4
b0a24f910,3
abf38029d,1
784ec5ba3,2
d0101e748,4
9ad6f6fae,2
209dab64b,4
3ba83a496,4
f94991b4c,3
87b60f563,2
e129ff4a1,2
fe5bc83d2,2
2614882d1,1
7ad53619d,4
6326e5387,2
21db2af7c,0
5bc18f57d,1
310c3f884,4
fe6bd5d82,1
be5595abb,1
b84319e15,1
086e528f0,4
a009a2f0f,1
3b15c42d3,2
9fe4f4b78,2
3b1009a30,1
db9af2894,4
dafb0cea4,3
ff9d8cb25,2
da9b9db54,3
17d9c9586,4
ef7ffcc3e,0
d56fbda82,0
f35683806,3
d24b8cde0,2
b1350a4af,2
bb5917ca8,3
6ba094bf4,4
7d1030b42,4
0f0f81a37,2
75b13bc88,2
8dbbd91bb,2
5e4c387b2,1
05492e461,2
f1775b51b,3
5c110b9d2,3
50418fb29,2
10bbe5ea4,3
10ae2697f,1
37e2f042b,3
1b36762d2,1
4badb22cb,3
07102e682,1
8f6b92b4d,4
0fe58286d,3
780dff088,4
7faf2e49d,2
48ceb84a0,3
aee44eb09,3
8d4cc2bf9,4
0a8ee7520,2
02a13b2cb,4
24d1c128d,4
abd80f666,4
27c4981c9,4
061f6b476,1
ac1a70774,1
029c248a5,4
495ad1b56,4
b6c464fd3,3
c2e22f843,3
7218c8328,1
756025f7c,2
5510ac89a,3
c0270a5f1,4
3c25f4969,3
66832a1e1,2
0adebbf21,4
36edc334e,1
d63321570,2
005bb92d8,0
d7bb5cf59,3
858f4c013,2
d39c87657,4
9243b2c43,3
38436063c,1
2cb770ad7,1
26662f4f9,4
ee63ca0b4,4
c02a9554d,4
d2f3db726,4
789083f3a,2
87f206cea,3
8009b7ac8,2
be0888771,4
c260c7b3b,2
394217006,2
97cd20357,2
a7a94dd33,1
249112486,3
00904fc2c,2
183e445ea,2
ce971a506,1
21c163648,2
4f1bf01b6,2
0a76a6cf3,4
90055a5f2,3
1077fb67a,2
4c5dd1f7c,2
a669b77aa,1
833408fc5,4
d653ae654,3
1bbadc050,1
c9a00b80f,2
a6231927c,3
69a1bfaa9,4
bd74f5ce8,4
901ff85c1,2
936e8cc95,3
695925a2a,2
d7fac1aa9,3
c6acce195,2
e56dc823a,3
3b41cf42a,3
1a8503d2f,1
0e4049f6d,1
538a89b59,3
23d784a8a,1
9193c38af,2
cd47ddc13,2
c6c14a824,4
1b4690d1f,2
07dd9a0a5,4
6ee8964b0,4
3bc84c4a9,4
64da323a1,3
c5b717bc2,1
f05665d6d,0
e989ad83f,4
8f34b67ca,3
767a3b706,4
c135c6b15,4
5328a3ad8,3
e0bf99ea2,4
57cd5663c,3
ead9fb6b7,4
b62619afd,2
b3db0fa59,2
3fa341801,2
65a8f7628,2
e0764fb9a,2
81075b785,3
8b8489a24,1
7e681c7eb,1
8a45e38c9,3
066498aa1,4
89347826e,2
4133efff0,4
8d6c8d486,2
fe3fe601e,1
0f27a7baa,2
1542ab941,3
611970ebc,2
68c69f5c1,4
e3ae90795,4
b2e3cf5a0,1
8d91ae666,2
1ba29c00b,3
04a30a9ea,2
4ea31a03a,4
226e8fe7c,4
6b574c312,3
7667378df,1
9d8e58a2e,3
716167b76,4
5fd83540b,1
da327c74b,4
e1c5d6ba9,3
df9b18c1e,3
9e4420002,2
4f8a564a2,3
3433731c5,1
489dad256,1
5ca7a1543,3
0e8887c13,3
cc195b43d,2
d672df50c,3
740d87a41,3
26988350b,1
6d474edc5,0
3fed382c0,3
af1035c81,3
81d82bda3,4
af0494f60,4
7af09e92f,3
90bc90da2,2
ce0deaac0,3
4413f9855,2
6cdc6cab4,1
8c1fd43ef,4
8ab1bbd3f,1
b06c1ad30,3
737da18ba,3
30908fb77,1
3ef52fe8b,2
8c4488c48,3
6c4af5f08,1
0737e4f11,2
784d3319e,4
79669f807,1
a734e866e,1
4331ce278,2
cd2b84b66,3
b11103508,1
1ffe668f9,4
2d2f2a305,1
5e17c1fde,1
31b3d9b10,3
2f29e9d88,4
bdbe7091f,3
448659511,1
e464e666d,4
eadb7f25e,4
89c28aad0,3
062b387cf,4
64f5e2165,3
b28633b1c,3
670535e94,1
bbab88df0,2
b1da9f428,4
1ff11cef6,1
b01c8995e,4
5bd725e47,4
66dbc2985,3
3bef65169,2
0f1a3ce5a,3
4e290a43a,4
8538f4aa1,4
1dc90fbb8,1
f235e6a5a,1
a2d87dd35,0
531e56f63,4
56b63bfb3,4
51714821c,3
3fbc3fa12,3
98d3a24b8,3
cc261e309,1
4f7aa1d3c,4
be604ea67,4
22de1a590,2
9ceada263,4
e348d720a,1
9ea8e240f,4
b73079713,1
6da06ed36,3
f780d04ae,3
f743a63aa,3
6fcee4bee,2
de813940a,3
a6e33dddf,3
8d6f10684,3
f91ffd577,4
b09ecfb53,4
de445d837,4
bfbaff540,1
f2eb9530d,3
c69bdf768,2
031a01c36,3
cf68421ff,1
0063bd7e0,4
3e0ae8fb1,4
7d25ac957,0
4f6a0e54d,2
1100bff90,1
dbcfcf50c,1
89788a8fd,2
103dd7bb1,3
a8f17e0de,3
623111d43,3
8dde63c12,2
71c3f9254,1
6f1580039,4
9f4a72311,2
396910627,2
774289137,2
add2629da,1
4c5db9ed6,3
8a804d93c,1
1e7e220d7,3
90ce48a71,1
5e2bbb163,1
d08efa704,3
4d0aa6427,3
1cd363542,3
44db1cade,2
3cd5d9102,3
d50e11ec5,2
4c04c9cba,4
b10e7605a,2
9bcd62ef1,2
355e8bc38,2
e0b6196d9,1
23ce26e85,4
fc229a9d7,3
e748f52b7,3
1bf1f95ef,4
95696f11b,2
1f4378ff6,2
e88aaa263,2
189bb90dc,1
f246cb734,2
6d24fab68,2
f734bc3b5,3
dfd0fbde8,4
7810092ba,3
f4948a23d,2
a3740bea8,2
ecf521843,4
f03af5072,4
bf74b13ab,4
a7f58a6e4,1
ca8306c33,1
27ab49f1a,2
f4bc92fc6,3
e92d3d4cf,3
b04b200fa,1
ac71e856b,3
c011bc363,2
62eac41fa,4
7075c1306,4
4325e9930,1
77b890534,4
88bc9864c,4
c2c03cb2d,4
73c2c22ca,3
a31d58f0a,3
6d75c2ccb,1
a40a8c0ce,3
d721ed589,2
5aced80cd,3
d1f01fc04,1
449290a8b,1
6da091c79,1
e08c4940e,4
063e2d021,1
ef0822572,1
42a28c241,1
e4abb93bf,4
577d15fea,3
0cd8ca49f,3
fc8388b28,2
e801cb768,3
c3945aa2e,1
66b206dbe,1
793e89809,4
dfff88c90,4
91f0cb0a9,4
0e2bf402c,1
16d94bbb1,0
a8ce7d647,4
21f945788,1
aa11bee11,2
502d58dea,1
1555b08c9,4
87fadb3df,4
9430d84c5,3
243925f5e,2
5f9a836f8,4
5eb355cea,3
6258b0d76,1
3759a1d40,2
3af78213e,1
f205b0649,1
61003963a,4
0644da7d9,2
03ae93b48,4
64c1c412b,2
eab44dad9,2
a58d8080b,2
7433339b9,4
798a0cb05,4
f08b9d3c3,4
458adc77a,4
a86bbc71f,4
2cb3529bc,0
5de1d0c34,4
49c216bf8,4
0ca52e744,1
c50926700,4
b27f46ae3,2
fb9fae270,2
829ba7bfc,1
7fe8ef73d,4
bcd23d8c3,1
4914da5ec,1
ea319fdec,4
442822be3,1
b243b8e93,2
bcd6d7e62,4
9b4dad348,0
3a3ae56f1,4
ea1736eec,3
8566a1bd5,2
248c027cb,4
c6de9b701,4
838b5c426,4
495ce6c73,3
65e75b92e,2
0c6c71a55,4
c89dcf5ae,3
10eaafcd9,3
7b22d0224,2
0eab258a9,0
7e87938c3,4
334975a99,1
d7d1cf92c,1
259b10a3e,4
31049dc2e,1
6210026f5,1
b03114991,4
3ba7056bb,3
d980c361e,4
615afad71,3
9b09190e4,1
6b6d2c65f,4
98bb9d9dc,1
290cdc8ee,2
275ce4c9b,2
c7901e98d,3
9fb186834,3
222a3f408,1
aefff4a06,4
04b5f77c0,4
15538a661,2
79f41f755,3
06634513c,3
a97a37056,3
a6610ebd3,1
5f1a700fd,3
35ec69571,2
8988d22a5,4
71510cf8b,1
97f0a97ef,1
c22078c20,2
af9d89c50,3
a9b7b72b4,4
35ce89b5c,2
e7ab271b1,3
becd6c70d,3
cde0d8e8e,4
516fcfdf9,3
a839e26eb,3
cbd289193,1
60f317698,4
8335d65e0,1
79b514f79,4
b12b6dc93,3
3b4b4cb9c,2
c0b1f82b1,4
a76cbec89,1
05d2022eb,3
02d644003,3
7d52177d6,2
dc39b80f6,4
f5a34370d,2
daed4ac40,3
e81c6347b,4
c2b16f8ae,3
c1e816568,3
8bf0f354b,4
01da89f29,4
7ebdfc3b7,3
137916924,4
9d8dab6cd,2
31d921827,0
79bf5eb37,1
46b9595d0,4
68731378e,4
b35c61109,3
4a02b467d,0
a811da408,1
0308c9eda,4
0a949618f,2
867057e77,4
2c07c1abf,2
d61dd6a6b,3
66757255c,4
3d9784a88,3
7cbe52a0f,4
8010a808c,4
965adb809,1
1a2c91362,4
51d880078,4
791e6dc19,0
3cb155233,3
0eba510fc,4
90fb6e125,1
6dbb13673,3
1696809dd,2
573b3ec3d,4
c17b66965,4
39fb68722,1
7adb5f44c,3
380e603cd,3
181c10e45,1
308a16b6e,4
181fb7dae,1
bec55c577,3
b207cf9ea,2
f80157011,1
fc46e61c5,2
a21f183ed,4
eddac3328,4
72b0d2b06,3
6c83d00bf,4
24c1d5a33,2
2ab616a68,1
8d0a7a7ac,4
71eb4e3d5,2
248590a63,3
c7cfbc8e9,3
93f620b68,4
57b35b749,1
5208915a3,2
7b7b7b71e,3
532396459,4
d3ffc5c1b,4
4b7262ad7,4
0459c7bb7,4
6f2b619bb,2
a0f76e19b,4
02868b720,3
5bbc1017c,1
33a373ca9,4
b7d2d752f,2
976fcf5a9,1
b92781dca,2
6668704bf,1
b5931099f,4
f5b2c6fc0,2
c37d5c957,3
4931c712b,1
5d3d1070a,4
f4ab04385,2
a6cbd39c2,3
668177e57,4
3d663ffeb,1
b3a42fc4a,1
90b927fdd,3
26901ccb0,2
e4deffd71,2
bea39d7ec,3
46c5fd256,3
76f668025,2
46d88ca3e,1
ddbb99929,2
d1f444e66,2
021cb10fb,1
f8d98877d,4
d8603dd80,4
a54497b9a,4
ec9da833d,1
e67f4856d,0
d8d840693,2
608a58c8e,1
ee5f5db50,2
52ec30101,4
3cdbf07be,1
b7a55f716,3
cc5892ce1,3
e77f9e778,4
a3b415951,1
1436092b4,3
053d121b8,3
3de1d3794,0
c68bc0253,3
a41b62aa8,4
35e96ea98,3
409740892,4
3d181b3c6,4
6bf7eec1e,3
ff125cf8d,2
86953ea0b,1
7ba9cb4a0,3
451d64f26,2
b607db8c0,1
16504b328,3
a08030c6f,4
36bb93372,3
e1c14443e,1
9e11a3158,4
21b933087,3
802290aa5,0
afb230f5a,2
9dd1cdd52,4
39e9ecb70,3
4595acb4d,3
a6278a50c,3
b5b7de4bd,4
6b53bf64d,2
14bf62107,4
331476348,1
51df78553,2
23ed3e349,4
741524a39,4
14ae60869,2
a3e73475f,2
4daad230c,3
0fd9076d7,2
f0ac69be1,2
f67dcb4b3,2
840949648,3
af93d5c2b,3
5c9d75ab9,4
8d1640f3e,1
6846c8719,1
ab2bb4a0c,3
7bb118200,1
a2656874e,4
ab4f161ae,1
851c46a9c,4
e7176bba4,3
32148e0fc,1
2f60db1f7,2
e013ab581,1
f15a31a01,1
6708ff204,2
4f04b1556,2
8e2723a38,4
629df03ce,4
f41112ee1,3
d7d371a3d,1
31912a7d7,2
61dc8345a,2
e16882f44,2
16f2fa5c7,2
12c071b30,3
2a734045b,4
29ca8f313,4
90a967a14,2
7bead49ed,2
ee9c2fd46,3
4d2dec2f3,1
f3ac0a96b,4
bb5f471dd,4
98437e7cd,3
24750a30f,3
da5ae6aa9,1
a06a2ee4e,4
cf8250644,2
b8e6cb9b1,2
f461cc30a,3
a53e7e832,1
228117dca,2
015c75c9e,1
75f3f26cd,4
f95b39c6f,3
919768bb5,1
adc5ada07,1
c240d153f,1
daf955524,4
e669e318d,4
c91bfb2a1,1
54fd5fde4,2
cb8cce181,3
d59c369c3,3
c7b7dae2f,4
f39fef7c1,2
b42873eb7,4
0afb7e845,0
818df5a9f,4
963520a2c,1
5a2a433c2,2
bb2a61d2b,3
838e46496,4
4ec25bc3b,2
77d7f8364,3
0133b0214,4
59d42b6bb,2
07b2a1416,2
0d7c5b6f6,2
a43d578dd,2
b94b99757,4
02e072cbd,3
1f82b8bf0,3
71d36d5c4,2
1b8fee68d,2
cde5f25db,2
f64f8a464,2
73680f695,1
6a908a708,3
c1278fe60,3
cff9a1fec,4
3a682b74e,2
2cc0c6dee,2
181823d5f,4
4436738dd,2
a32e58f2f,4
88819fc55,4
c9efae474,1
f6959f1ca,1
ecc626163,1
106e252d9,2
ba7d1a755,2
444d1c6d6,1
f0bb05fc7,1
f928a7e7f,4
354e9fc50,4
b663299dc,2
2c08a034c,1
01919fe72,2
ee7d6cf3f,4
2da9b0c2c,3
4dbcd1d36,4
3f50cc4fd,3
b799d4d84,2
31104de48,3
81734dbc4,1
7c6cc4bba,2
058f21441,3
ded8d95c0,4
09ef02857,3
7fec0008f,3
a23f0020a,4
f68bec222,3
70337537c,1
fb999f812,2
628e30f3b,3
4d82fddba,2
38fb7c50c,1
02126e289,2
5a567392e,2
2b4b4e40c,3
80092bbd9,2
cda31e59d,3
21178f3b0,2
d2a1b5401,1
ddc628647,3
0902b6664,1
7d86df9b0,1
6f7d23e2d,4
e5c42ae26,2
256f40704,4
ad491b969,3
cb11e3261,3
9aabc0113,1
50ef65df7,4
bb5162df6,1
dc76d9fa5,4
6e3631a29,2
e945a1e04,1
798f4a1e4,4
8685a0b1c,2
6f863a03a,3
f43bf90ea,2
1565d09ad,3
c2386bba2,4
e00282d72,4
60aca92c5,4
e301ab49c,1
b60e920db,4
0008c5398,3
c82705cf4,1
9af15c8f1,4
5accbdfad,2
cf77fed94,2
3befd2af6,4
596cf7334,1
6661d0fff,4
ace21b6b1,1
fc9cf8b8d,3
944a5fec2,4
cf85bd080,1
5a4b92653,2
115d6458f,4
acc741f2d,4
e79487c5d,1
bedd7f1e7,4
e9dc82251,3
fd740c8dc,1
d45562a98,3
e4f17eace,3
059baa037,3
ab2c124e7,4
24731a12c,4
8eb5d1d04,3
6f41847b5,4
46a5f0ba6,4
9104803d9,4
af86d93ba,4
41bcb5de4,0
ee8ddae7b,3
a426ef14d,4
fc3fbbb99,3
be9474b85,3
4e797dcdd,2
527071e27,1
b4ba15dbc,1
6f512ee65,4
69ba8d92e,4
10fbc9548,2
660cd67ed,4
38e3b6744,0
9427a0125,1
e3b39a9f5,4
cc8401c02,4
d5052e2a9,3
be8901107,2
f64329201,3
35df10380,3
cb41cd1c5,3
fe4bb01a6,3
394c13865,0
fe0e76ddf,3
597ff6946,3
ba030cdba,3
10124968c,3
133c0e6b9,2
7d1d7a4f6,3
435bb3995,3
8a1e12a30,2
23cdf5f21,4
281e2d7e8,3
e71c9d710,1
1bec8eb5e,3
942af9028,4
8b9d9a18b,3
baa309426,2
5bbf44cea,4
ba021efa9,1
3a0e3b527,1
335eacf2d,2
a3eb4fe4d,1
fee5e43b2,2
cb867cac6,3
b8084fe32,2
bce56e27b,1
37c989ac5,1
5ae7359ab,2
0e6492f0d,2
f80c1cf7d,4
8bf9a6b80,3
70a90deaf,4
810805880,2
80a2e14af,0
ad6e56af2,2
b310f969f,4
a86cf6b79,4
af1c2888d,1
0162634c2,2
1a4c20f98,1
4d8bf7feb,3
ff43926c3,4
6a864757b,2
24ea0569a,1
31893804f,4
447be811f,4
24fad6b0b,4
f1c03b3d0,4
706a9cd5c,4
40f17b3a1,3
9467b9867,4
1effd827e,2
ec2b6c036,1
dfcbce94d,1
b51d75d61,3
b4f476ab1,1
894ab719d,3
16d4039e7,3
7d21dc4a8,4
279895e23,3
58396d68b,2
a5a240214,4
d1274381b,2
d56096e79,0
3653c9384,3
009239f92,2
f9994fbae,4
8aef3b898,4
ad111a12a,3
d87ff9c80,4
c842fa148,4
434a2904c,3
e6645c764,4
e464fcd4b,2
67221a8f8,1
ad5021d77,1
078a26f06,4
9500cfff0,3
85952663a,2
28ec2de89,1
c76384236,1
3ebe9f7af,4
f584e226b,2
e5115cce8,1
6ea2ddaf2,2
d77baafda,1
1c4d6faac,4
440676acb,3
7169c3e3a,4
21f095582,4
5b7fd5349,1
bbfc8a037,1
0e8a11aaa,4
92bf36222,3
4fec4436f,3
fc580a6eb,4
48615e613,2
547a18b80,0
11a3055b7,1
e8ec1a562,4
fe790ba60,4
0977caea0,1
08f038689,2
4dd8dd451,1
9e7aa5866,3
885af161b,1
56ab5d935,1
4dff83c9f,1
5a5463e17,0
b549fd8be,3
ceed27182,2
832110a99,4
88030e16e,1
ea2ad17c5,1
bd54dcfd0,3
cbef1e6db,3
c1ed602f2,2
184a51562,3
1a3a45096,2
4574e3de4,3
99cbd42dc,4
fca79ffbf,1
d1dd377ae,1
353c89ed3,2
5c7d61133,3
c87651546,4
3a67f200f,1
456908d93,0
e808828dc,2
ed5b8276f,1
c23b6bbf6,4
a76fa694e,4
0142670c8,3
1803e4c27,4
dfcd19237,2
0045ed62a,1
30ea81bac,1
7687b7da2,4
21c955172,4
3edf44325,3
bbdcd94a9,3
cc081896e,4
5adb9d9b3,1
2cfbdd28a,4
f5d7daf1a,2
bc0a5524c,4
8f13a2d89,2
db194aec8,2
694653d6a,1
2e726c62d,1
c56dc5726,2
fcfae453e,4
85094deda,4
9cd08bb2c,3
d11ac47cb,1
02387e247,2
728c78b39,2
bddf43d72,4
e51470c34,0
c8cc85a15,2
27268f547,2
66bd449fc,1
52cf4a759,3
ce27e496b,1
975d32d75,4
6fc17b073,1
0cde9b460,4
d719027fd,1
c723171ff,1
8b8229f52,2
4c6a4b965,1
0e12b9baa,4
5d9feff2e,2
474294e01,2
923a58e31,4
880e13787,3
a8271c7e3,1
b3408d846,4
7ef23b94f,2
93219ad95,3
b790a32cf,0
c33220375,2
deda21b9a,3
bfa9377c9,3
22e9d72ce,0
e1262c956,4
b077aa9ee,4
391da7c7d,1
f8db6e695,3
7c8960273,3
fc037ca46,3
94d2d552b,2
bbff91dd9,4
e4dd90768,2
f759dc332,1
df39a5468,1
2416a2da1,4
fe18635ce,4
d3a4afef1,2
ee2e82f01,4
ffbc3eaaf,3
9ff5a1ca1,4
81c4d25d6,3
e0781fb0a,2
4263cc9ed,1
5dddf96e8,2
bcf8ec029,4
41ae99ff2,1
e46fa829b,2
45bf47f58,3
871ca78ab,2
93ea39e5f,2
3f9b11590,1
c14b2f3da,4
1ba7bdbe6,1
39a784870,3
c1f738966,1
155d18f5f,2
53bcfd67d,4
4fbe0c2e5,1
a366ce2a5,4
2ecaaae2d,1
cac68ead1,4
b3f69b209,3
b1ed265ef,4
5ebc60bb5,4
44f048354,2
6b685abae,3
cbf20c4b0,4
4715f897c,2
d4ce7a1ed,1
0e7ca23c9,3
5bc5b43ae,2
08a71b8d1,3
2ddad75c0,4
514319114,1
483f1aae8,4
c98188040,4
ab87287a4,4
98b29e94a,2
7ead795bb,1
da1e7c53d,1
58a414b45,1
a2cd25e49,1
610ece7bd,3
46bb277b5,2
04d4ce3a4,4
3e2fdd907,2
de2460808,4
60b9421cc,4
8c7b2f093,1
0ac81fcc4,2
dd056b65a,4
d336e6953,3
07128a0d8,1
f43a68579,4
8b85a3893,3
c7b3c09d4,2
a7eb03730,4
392caeaed,4
b652b7241,3
d35b8c727,3
6296e909a,2
d7cc44152,1
0f1136ad3,3
732fa3cb9,4
3c6329c92,4
9664bcecb,4
d2b59ecaa,2
7c9dc0791,3
8a811328d,4
25fc96414,4
9295d02bd,1
2f1c0947d,3
14398288b,3
2418f7929,4
ad8569001,3
51572cdd3,4
cf3491020,1
10022add6,2
a72a34bdf,4
f291e702a,3
0011d7c25,1
a06b5eb73,4
5aff9022b,4
0073c33d0,2
269d8414a,1
0c281122e,3
343962804,3
6a3607d09,2
0e107c82f,1
9e51267f5,0
ae84e47c8,3
18bc7bf4d,3
d33840dfa,4
3eaae43f3,2
146d950bc,4
a9ec75efb,4
ae30d5690,4
822193428,3
21493e6ea,3
eed29a312,2
d46569700,3
5a828ec3e,2
dcdf98438,3
5fc71c87e,3
1e140177f,4
2b0896bbe,1
5cabf5331,0
940048b47,3
91c2edae8,3
42e7de7c0,4
66ad04874,1
edc5c168a,4
386990598,1
60e5899e2,1
18ef93321,1
58ef3eec9,2
4cc8c07d5,4
42d06aa80,2
e4eccb132,2
e62224eeb,3
37c68c4a3,2
4fb9fc3d1,4
b1e590596,3
49fac4dc6,3
2befe2607,1
d02baef01,4
a9772bfa3,2
d3dd7e6a7,2
610c05772,4
9c580ca06,4
e3935c62d,2
a6af385f0,3
1e4b7018a,1
eb102e06d,2
842b21328,4
73b5c37dd,4
e8b34f964,4
350116b16,3
33ed78569,2
4679d01e2,4
154d24447,1
a631eba2c,4
4e8ae40c0,1
5597af31b,4
be0635ef2,4
3cc6c4102,2
e0811bfc8,2
57d8f9bdb,2
f555570eb,4
574919b00,4
58fe1756c,2
182aa4a29,1
05fb5b403,4
cf51903db,3
d02c3d99a,1
3ef5f0537,3
31b919935,3
12c4ed873,0
fad223ef5,3
dbf2d6b55,1
030f32f08,4
1d03b6d7c,4
191043d9c,4
6d994c50c,1
99558ec92,3
e8dc8fa13,2
d9f692e74,2
c2bb6a3be,2
2196b0156,3
4405cc72c,2
cd37edf46,2
b67a29908,2
88a264f0d,2
283c4248e,3
e73b8f98b,2
64c4f9057,1
e8a1f3d1b,3
074042a24,4
ea05e0a19,4
ee6601d0b,4
175926b9c,3
f98e4f7b6,2
e99eda1f6,1
4be1b15fb,1
5bd859977,3
8528b3d49,4
f8b975c1f,4
8054aad26,4
b1763b8b7,4
4d6350e54,0
385b5b8fc,3
072bb91b4,4
c0fe34d97,1
e83e05a06,4
28e86bb13,3
f4813ff89,4
d4bc5b7ca,2
ef1966105,0
0ce98d199,4
6502dbe72,4
76042f693,1
487abc5e1,4
dce01bb7e,2
ccdc0f862,1
08b7e05a5,4
890127ff5,3
6d172f3eb,2
1ed0c2a41,3
d3740baed,2
ecaf2b938,3
18e41c818,2
c66def50c,1
e77b5a78f,1
5f0efae69,1
9f5636404,3
7beccedcb,3
14efbbb85,2
f2f8667a2,4
bda912e4e,2
3fd75e77d,4
bd4500e6c,1
dd4b67059,4
0fa63169f,3
acada131d,3
a61776aba,4
41fa17c7c,2
06bfadf29,4
563eaa005,4
5287fead8,1
8044a4f7e,4
467bd5bc8,3
98caf2809,1
ad56c5705,3
97094f7ec,4
5ecdd04af,2
c753c9bd8,2
915173d4d,2
069762ec2,2
6bd434dc9,2
ce3a876b1,4
14357e2ed,1
70aeba909,3
7ed568ab9,1
7c7a54cbe,2
e808d9fee,3
2e1853b79,2
24fc91fae,3
5b0f07923,2
7438f5d52,2
b05a3ca1d,4
48a44eac5,4
df6205194,4
5242038c7,2
63df28877,2
b9005c792,4
23f45d56f,4
e6b28fc29,4
026c202c6,3
5971694db,4
e481cf862,3
30f92e1ab,4
6438c6b3f,4
c5db00aa6,1
5f2c67ae2,2
0ad87f5c5,4
ba79cfddf,1
5163abb6e,4
7321cbf99,2
dfedc8f77,3
6f07e7abf,1
2b6b2524b,4
c59199ff4,4
904b74dde,2
0d4750032,4
eb7fedf92,1
546957a8b,3
d7f1381ba,4
dd55841d4,1
74084fa99,4
590a78f0d,4
0632ba05a,3
0b817da84,4
27b708edc,3
9c680abbe,4
b1fb61b31,2
0d25f084f,3
e53cf2373,2
d5b9cbf05,4
3bf7bccc9,3
71297d780,2
2ddbad288,1
d77a6813d,1
6c929fefb,3
5dff45cff,3
603d1d51c,3
b188b50cd,4
f9f0a5dfb,1
1c0aa9866,0
513062327,1
848c1d759,3
44594e996,4
8ff587b75,1
9a96189d5,0
6764e8752,4
54e0ac09d,4
b0278d962,2
3bb0c9458,2
bed78eb25,1
5e0519e3d,4
be3247b2c,3
dbaa03313,3
940b0ad69,0
1ac22584b,4
7013035d9,3
42331ae6f,4
c83fe0079,3
c81a8045f,2
c15b3c9f1,1
797bcabfd,4
b319a0cd7,1
d83f60849,3
060b52c3b,4
4f7bfcb68,4
7d7a39d71,2
198a73c5e,4
e8261c38c,2
6eb8a8e8e,3
bed0c276d,3
15be0f894,3
8bb34f0bd,3
26dfe8b29,3
e30182214,3
c6a2b6ae1,3
e97e1afc1,3
f3c42e04b,4
80fcac43d,2
c7c443855,4
cf98480e0,1
b3fa60bc7,4
b0ad07cfc,3
c59fe4bcd,3
17066185d,3
37fadf608,4
c72cb0d9b,1
533f52fff,2
c4bc89962,2
10e1cbfdd,3
4140b3b5a,2
